{"cameraMode":{"drawMode":0,"name":"Shaded","section":"Shading Mode"},"sceneLighting":true,"audioPlay":false,"sceneViewState":{"showFog":true,"showMaterialUpdate":true,"showSkybox":true,"showFlares":true,"showImageEffects":true,"showParticleSystems":true},"in2DMode":false,"pivot":{"x":797.396240234375,"y":430.744384765625,"z":-290.0296630859375},"rotation":{"x":0.025805441662669183,"y":-0.009315552189946175,"z":0.0002402810350758955,"w":0.9996406435966492},"size":70.71067810058594,"orthographic":false}