{"cameraMode":{"drawMode":0,"name":"Shaded","section":"Shading Mode"},"sceneLighting":true,"audioPlay":true,"sceneViewState":{"showFog":true,"showMaterialUpdate":true,"showSkybox":true,"showFlares":true,"showImageEffects":true,"showParticleSystems":true},"in2DMode":false,"pivot":{"x":0.8081104159355164,"y":-4.679843425750732,"z":13.600370407104493},"rotation":{"x":0.2637535035610199,"y":0.05205383524298668,"z":-0.014255523681640625,"w":0.9630836844444275},"size":22.0,"orthographic":false}