{"cameraMode":{"drawMode":0,"name":"Shaded","section":"Shading Mode"},"sceneLighting":true,"audioPlay":false,"sceneViewState":{"showFog":true,"showMaterialUpdate":true,"showSkybox":true,"showFlares":true,"showImageEffects":true,"showParticleSystems":true},"in2DMode":false,"pivot":{"x":-13.145783424377442,"y":-2.658702850341797,"z":-13.237479209899903},"rotation":{"x":-0.039903901517391208,"y":0.9133778810501099,"z":-0.09239033609628678,"w":-0.3944859802722931},"size":22.0,"orthographic":false}