{"cameraMode":{"drawMode":0,"name":"Shaded","section":"Shading Mode"},"sceneLighting":true,"audioPlay":false,"sceneViewState":{"showFog":true,"showMaterialUpdate":true,"showSkybox":true,"showFlares":true,"showImageEffects":true,"showParticleSystems":true},"in2DMode":false,"pivot":{"x":-148.00497436523438,"y":-47.87221145629883,"z":156.05384826660157},"rotation":{"x":0.10607417672872544,"y":-0.36527565121650698,"z":0.04193317890167236,"w":0.9238961935043335},"size":233.34524536132813,"orthographic":false}