{"cameraMode":{"drawMode":0,"name":"Shaded","section":"Shading Mode"},"sceneLighting":false,"audioPlay":false,"sceneViewState":{"showFog":true,"showMaterialUpdate":true,"showSkybox":false,"showFlares":true,"showImageEffects":true,"showParticleSystems":true},"in2DMode":false,"pivot":{"x":-0.1039315015077591,"y":-0.39926740527153017,"z":-0.7377175688743591},"rotation":{"x":-0.04164360091090202,"y":-0.9491384029388428,"z":0.14229290187358857,"w":-0.2777738571166992},"size":2.2213804721832277,"orthographic":false}