{"cameraMode":{"drawMode":0,"name":"Shaded","section":"Shading Mode"},"sceneLighting":true,"audioPlay":false,"sceneViewState":{"showFog":true,"showMaterialUpdate":true,"showSkybox":true,"showFlares":true,"showImageEffects":true,"showParticleSystems":true},"in2DMode":false,"pivot":{"x":-11.993122100830079,"y":0.9866159558296204,"z":4.832225799560547},"rotation":{"x":-0.07966708391904831,"y":0.6719869375228882,"z":-0.07306718826293946,"w":-0.7326646447181702},"size":10.0,"orthographic":false}