{"cameraMode":{"drawMode":0,"name":"Shaded","section":"Shading Mode"},"sceneLighting":true,"audioPlay":false,"sceneViewState":{"showFog":true,"showMaterialUpdate":true,"showSkybox":true,"showFlares":true,"showImageEffects":true,"showParticleSystems":true},"in2DMode":false,"pivot":{"x":0.7049854397773743,"y":2.975314140319824,"z":-2.985333204269409},"rotation":{"x":0.14863573014736176,"y":-0.6819518804550171,"z":0.14449919760227204,"w":0.7014278769493103},"size":1.2699296474456788,"orthographic":false}