{"cameraMode":{"drawMode":0,"name":"Shaded","section":"Shading Mode"},"sceneLighting":true,"audioPlay":false,"sceneViewState":{"showFog":true,"showMaterialUpdate":true,"showSkybox":true,"showFlares":true,"showImageEffects":true,"showParticleSystems":true},"in2DMode":false,"pivot":{"x":-0.6578474640846252,"y":3.558910369873047,"z":4.264886379241943},"rotation":{"x":-0.08821967244148255,"y":0.27110522985458376,"z":-0.024958433583378793,"w":-0.9581971764564514},"size":10.0,"orthographic":false}