{"cameraMode":{"drawMode":0,"name":"Shaded","section":"Shading Mode"},"sceneLighting":true,"audioPlay":false,"sceneViewState":{"showFog":true,"showMaterialUpdate":true,"showSkybox":true,"showFlares":true,"showImageEffects":true,"showParticleSystems":true},"in2DMode":false,"pivot":{"x":-25.909936904907228,"y":-6.110319137573242,"z":-29.990196228027345},"rotation":{"x":-0.03208719193935394,"y":0.9383229613304138,"z":-0.09064988046884537,"w":-0.33212918043136599},"size":22.0,"orthographic":false}