{"cameraMode":{"drawMode":0,"name":"Shaded","section":"Shading Mode"},"sceneLighting":true,"audioPlay":false,"sceneViewState":{"showFog":true,"showMaterialUpdate":true,"showSkybox":true,"showFlares":true,"showImageEffects":true,"showParticleSystems":true},"in2DMode":false,"pivot":{"x":-4.094048500061035,"y":1.3471342325210572,"z":5.977323055267334},"rotation":{"x":-0.11747679114341736,"y":0.3283044397830963,"z":-0.04118863493204117,"w":-0.9363571405410767},"size":10.0,"orthographic":false}