{"cameraMode":{"drawMode":0,"name":"Shaded","section":"Shading Mode"},"sceneLighting":true,"audioPlay":false,"sceneViewState":{"showFog":true,"showMaterialUpdate":true,"showSkybox":true,"showFlares":true,"showImageEffects":true,"showParticleSystems":true},"in2DMode":false,"pivot":{"x":-3.2263870239257814,"y":-3.0621161460876467,"z":6.862838268280029},"rotation":{"x":0.3206673860549927,"y":-0.1875704526901245,"z":0.06494373083114624,"w":0.9261792898178101},"size":10.0,"orthographic":false}