{"cameraMode":{"drawMode":0,"name":"Shaded","section":"Shading Mode"},"sceneLighting":true,"audioPlay":false,"sceneViewState":{"showFog":true,"showMaterialUpdate":true,"showSkybox":true,"showFlares":true,"showImageEffects":true,"showParticleSystems":true},"in2DMode":false,"pivot":{"x":-1.7330076694488526,"y":-0.85804682970047,"z":4.900092124938965},"rotation":{"x":-0.13473531603813172,"y":0.1536528617143631,"z":-0.021156249567866327,"w":-0.9786933064460754},"size":10.0,"orthographic":false}