{"cameraMode":{"drawMode":0,"name":"Shaded","section":"Shading Mode"},"sceneLighting":true,"audioPlay":false,"sceneViewState":{"showFog":true,"showMaterialUpdate":true,"showSkybox":true,"showFlares":true,"showImageEffects":true,"showParticleSystems":true},"in2DMode":false,"pivot":{"x":-12.758241653442383,"y":-4.945747375488281,"z":6.649761199951172},"rotation":{"x":-0.18447457253932954,"y":0.5342088341712952,"z":-0.12075585871934891,"w":-0.8160943984985352},"size":22.0,"orthographic":false}