{"cameraMode":{"drawMode":0,"name":"Shaded","section":"Shading Mode"},"sceneLighting":false,"audioPlay":false,"sceneViewState":{"showFog":true,"showMaterialUpdate":true,"showSkybox":false,"showFlares":true,"showImageEffects":true,"showParticleSystems":true},"in2DMode":false,"pivot":{"x":1.7222955226898194,"y":1.2514411211013795,"z":5.4917073249816898},"rotation":{"x":-0.1495194286108017,"y":-0.054256830364465716,"z":0.008219461888074875,"w":-0.9872424006462097},"size":7.306725025177002,"orthographic":false}